아멜리 베이크드파우더 6.2g, 003 밀키바이올렛, 1개,30,600,내일(월) 5/29 도착 보장,https://www.coupang.com/vp/products/6388340244?itemId=13606427499&vendorItemId=80859475554&sourceType=CATEGORY&categoryId=176422
AHC 세이프온 마일드 선쿠션 SPF50+ PA++++, 25g, 1개,16,670,내일(월) 5/29 도착 보장,https://www.coupang.com/vp/products/7088712132?itemId=17657501184&vendorItemId=84823021568&sourceType=CATEGORY&categoryId=176422
메리쏘드 모공착 톤업 프라이머 30ml, 1개,12,900,내일(월) 5/29 도착 보장,https://www.coupang.com/vp/products/6577387218?itemId=14917881859&vendorItemId=82155057328&sourceType=CATEGORY&categoryId=176422
[홈쇼핑 동일] 메즈클라 비비크림 김호영 오리지널 매즈클라 40ml 2개+전용 브러쉬,48,210,목요일 6/1 도착 예정,https://www.coupang.com/vp/products/7322641368?itemId=18784412792&vendorItemId=86066823258&sourceType=CATEGORY&categoryId=176422
이니스프리 New 그린티 씨드 히알루론산 세럼, 1개, 80ml,20,630,내일(월) 5/29 도착 보장,https://www.coupang.com/vp/products/7153476126?itemId=17989274374&vendorItemId=85145895896&sourceType=CATEGORY&categoryId=176422
라네즈 크림스킨, 170ml, 1개,21,780,내일(월) 5/29 도착 보장,https://www.coupang.com/vp/products/7184263215?itemId=18124818635&vendorItemId=85275790624&sourceType=CATEGORY&categoryId=176422
라네즈 네오 쿠션 매트 리필 15g x 2p + 퍼프 세트, 21N(쿠션), 1세트,33,600,내일(월) 5/29 도착 보장,https://www.coupang.com/vp/products/7181349894?itemId=18112478921&vendorItemId=85264050048&sourceType=CATEGORY&categoryId=176422
본코리아 탄산 효소세안제 대용량 엔젤파우더, 150g, 1개,29,400,내일(월) 5/29 도착 보장,https://www.coupang.com/vp/products/85575791?itemId=270609263&vendorItemId=85426886763&sourceType=CATEGORY&categoryId=176422
에스쁘아 프로 테일러 비 글로우 파운데이션 뉴클래스 SPF27 PA++ 30g, 1개, 아이보리,23,750,내일(월) 5/29 도착 보장,https://www.coupang.com/vp/products/6928465400?itemId=16756932675&vendorItemId=83938431743&sourceType=CATEGORY&categoryId=176422
팜트리 더순한 워셔블 썬 SPF35 PA+++, 50ml, 1개,17,570,내일(월) 5/29 도착 보장,https://www.coupang.com/vp/products/6804188594?itemId=16074689008&vendorItemId=83274660154&sourceType=CATEGORY&categoryId=176422
스와니코코 포어 클리어런스 피지관리액, 100ml, 1개,17,580,내일(월) 5/29 도착 보장,https://www.coupang.com/vp/products/6613108996?itemId=15003705591&vendorItemId=70229775783&sourceType=CATEGORY&categoryId=176422
에뛰드 순정 디렉터 무기자차 선크림 SPF50+ PA++++ 50ml + 20ml 기획세트, 1세트,17,330,내일(월) 5/29 도착 보장,https://www.coupang.com/vp/products/6460691287?itemId=14059607141&vendorItemId=81306941306&sourceType=CATEGORY&categoryId=176422
코스알엑스 하이드리움 그린티 아쿠아 수딩 젤 크림, 50ml, 1개,17,400,내일(월) 5/29 도착 보장,https://www.coupang.com/vp/products/1198745760?itemId=2183052733&vendorItemId=70181087097&sourceType=CATEGORY&categoryId=176422
메리쏘드 모공착 프라이머 30ml, 1개,13,770,내일(월) 5/29 도착 보장,https://www.coupang.com/vp/products/6360219127?itemId=13424086121&vendorItemId=80678695488&sourceType=CATEGORY&categoryId=176422
에스쁘아 워터 스플래쉬 세라마이드 선크림 SPF50+ PA++++, 60ml, 1개,16,070,내일(월) 5/29 도착 보장,https://www.coupang.com/vp/products/7086181945?itemId=17646024182&vendorItemId=84811642454&sourceType=CATEGORY&categoryId=176422
에스네이처 아쿠아 스쿠알란 수분크림, 60ml, 1개,17,560,내일(월) 5/29 도착 보장,https://www.coupang.com/vp/products/2058194984?itemId=3498238376&vendorItemId=71484435617&sourceType=CATEGORY&categoryId=176422
김정문알로에 큐어 플러스 크림 80g x 2p + 큐어2X 미니 3.5g x 2p + 클렌저 2ml x 3p 세트, 1세트,15,370,내일(월) 5/29 도착 보장,https://www.coupang.com/vp/products/2274778647?itemId=3902987659&vendorItemId=71887569337&sourceType=CATEGORY&categoryId=176422
이니스프리 블랙티 유스 인핸싱 앰플 대용량 세트, 1개, 50ml,35,500,내일(월) 5/29 도착 보장,https://www.coupang.com/vp/products/5062387329?itemId=6837072166&vendorItemId=74129699035&sourceType=CATEGORY&categoryId=176422
더랩바이블랑두 올리고 히알루론산 5000 토너, 300ml, 1개,19,860,내일(월) 5/29 도착 보장,https://www.coupang.com/vp/products/246379487?itemId=2882397017&vendorItemId=70871503064&sourceType=CATEGORY&categoryId=176422
코리아나 앰플엔아크네샷앰플, 1개, 30ml,15,900,내일(월) 5/29 도착 보장,https://www.coupang.com/vp/products/207189483?itemId=612858058&vendorItemId=4787567186&sourceType=CATEGORY&categoryId=176422
아벤느 오 떼르말 온천수 미스트 300ml 2p + 50ml, 1세트,22,500,내일(월) 5/29 도착 보장,https://www.coupang.com/vp/products/5636513498?itemId=9183368913&vendorItemId=76469226200&sourceType=CATEGORY&categoryId=176422
웰라쥬 리얼 히알루로닉 블루 앰플, 100ml, 1개,19,780,내일(월) 5/29 도착 보장,https://www.coupang.com/vp/products/6146620481?itemId=11833698112&vendorItemId=79107118397&sourceType=CATEGORY&categoryId=176422
케라셀네일, 1개, 10ml,21,270,내일(월) 5/29 도착 보장,https://www.coupang.com/vp/products/5965744032?itemId=10704018585&vendorItemId=3965959766&sourceType=CATEGORY&categoryId=176422
A.H.C 프리미엄바이탈골든콜라겐크림, 50g, 1개,8,690,내일(월) 5/29 도착 보장,https://www.coupang.com/vp/products/6145211823?itemId=11820305860&vendorItemId=79093788835&sourceType=CATEGORY&categoryId=176422
듀이트리 어반쉐이드 안티폴루션 선크림 SPF50+ PA++++ 50ml + 10ml + 하이아미노 밀크 10ml 세트, 1세트,15,400,내일(월) 5/29 도착 보장,https://www.coupang.com/vp/products/6685062816?itemId=15429703724&vendorItemId=82649390346&sourceType=CATEGORY&categoryId=176422
마르시끄 인리치드 속눈썹 블랙 영양제, 1개, 7.5ml,19,800,내일(월) 5/29 도착 보장,https://www.coupang.com/vp/products/6842170884?itemId=16273554458&vendorItemId=83466243520&sourceType=CATEGORY&categoryId=176422
마녀공장 퓨어 클렌징 밀크, 200ml, 1개,12,000,내일(월) 5/29 도착 보장,https://www.coupang.com/vp/products/6370672461?itemId=13492346093&vendorItemId=80646549589&sourceType=CATEGORY&categoryId=176422
셀퓨전씨 레이저 썬스크린 100 SPF50+ PA+++ 45ml x 2p + 10ml, 1세트,30,930,내일(월) 5/29 도착 보장,https://www.coupang.com/vp/products/6417990108?itemId=13792854160&vendorItemId=81043224952&sourceType=CATEGORY&categoryId=176422
헤라 실키 스테이 24H 롱웨어 파운데이션 SPF20/PA++ 15g, 21N1 바닐라, 1개,30,780,내일(월) 5/29 도착 보장,https://www.coupang.com/vp/products/7156628978?itemId=18002986458&vendorItemId=82431543081&sourceType=CATEGORY&categoryId=176422
네이밍 레이어드 핏 쿠션 파운데이션 12g SPF50+ PA+++, 21Y, 1개,15,160,내일(월) 5/29 도착 보장,https://www.coupang.com/vp/products/7047877797?itemId=17445588340&vendorItemId=84614174053&sourceType=CATEGORY&categoryId=176422
센카 올 클리어 더블 워시 폼, 150ml, 2개,19,120,내일(월) 5/29 도착 보장,https://www.coupang.com/vp/products/6500909156?itemId=14311775120&vendorItemId=81556462652&sourceType=CATEGORY&categoryId=176422
마몽드 로즈워터 토너, 1개, 500ml,16,460,내일(월) 5/29 도착 보장,https://www.coupang.com/vp/products/6424746572?itemId=13839086102&vendorItemId=78716677180&sourceType=CATEGORY&categoryId=176422
닥터지 브라이트닝 필링젤 120g + 60g x 2p, 1세트,23,340,내일(월) 5/29 도착 보장,https://www.coupang.com/vp/products/4881873573?itemId=6357408891&vendorItemId=73652687657&sourceType=CATEGORY&categoryId=176422
헤라 UV프로텍터 톤업 선크림 SPF50+ PA++++, 50ml, 1개,35,190,내일(월) 5/29 도착 보장,https://www.coupang.com/vp/products/6517167189?itemId=14421638159&vendorItemId=85021287606&sourceType=CATEGORY&categoryId=176422
아이오페 NEW 맨 바이오 2종, 1세트,47,120,내일(월) 5/29 도착 보장,https://www.coupang.com/vp/products/7335903584?itemId=18843788727&vendorItemId=76499221551&sourceType=CATEGORY&categoryId=176422
김정문알로에 큐어 쿨링 선스틱 SPF50+ PA++++ 23g + 2종 체험키트, 1세트,18,500,내일(월) 5/29 도착 보장,https://www.coupang.com/vp/products/4547762980?itemId=5514966746&vendorItemId=72814524753&sourceType=CATEGORY&categoryId=176422
플리프 시카 알로에 카밍 올인원, 200ml, 1개,15,490,내일(월) 5/29 도착 보장,https://www.coupang.com/vp/products/4562763425?itemId=5560716424&vendorItemId=72860105003&sourceType=CATEGORY&categoryId=176422
AHC 더블쉴드 선스틱 SPF50+ PA++++ 14g x 3p + 선크림 50ml 세트, 1세트,27,800,내일(월) 5/29 도착 보장,https://www.coupang.com/vp/products/1550885333?itemId=2653722704&vendorItemId=70644483758&sourceType=CATEGORY&categoryId=176422
김청 프롬더스킨 글루타치온 콜라겐팩 무료체험증정 고함량 아이큐샵, 4개,69,000,목요일 6/1 도착 예정,https://www.coupang.com/vp/products/7323086435?itemId=18786100493&vendorItemId=85917352620&sourceType=CATEGORY&categoryId=176422
아크로패스 대용량 패치 24p + 스킨 클렌저 12p 세트, 1세트,19,990,내일(월) 5/29 도착 보장,https://www.coupang.com/vp/products/6059219645?itemId=11133909490&vendorItemId=78412446213&sourceType=CATEGORY&categoryId=176422
에네스티 유브이 컷 퍼펙트 선스틱 SPF50+ PA+++, 23g, 2개,16,570,내일(월) 5/29 도착 보장,https://www.coupang.com/vp/products/69289526?itemId=231978036&vendorItemId=3566184968&sourceType=CATEGORY&categoryId=176422
은율 내츄럴 알로에 마스크팩, 1개입, 50개,15,210,내일(월) 5/29 도착 보장,https://www.coupang.com/vp/products/2527906?itemId=531575456&vendorItemId=3075080345&sourceType=CATEGORY&categoryId=176422
에뛰드하우스 순정 약산성 6.5 휩 클렌저, 1개, 250ml,13,670,내일(월) 5/29 도착 보장,https://www.coupang.com/vp/products/5231966510?itemId=11347212990&vendorItemId=74659595942&sourceType=CATEGORY&categoryId=176422
닥터에이지 시카 진정 필링패드, 120ml, 2개,18,900,내일(월) 5/29 도착 보장,https://www.coupang.com/vp/products/1546433038?itemId=2647629477&vendorItemId=70638435505&sourceType=CATEGORY&categoryId=176422
닥터지 레드 블레미쉬 시카 수딩 크림, 50ml, 2개,27,780,내일(월) 5/29 도착 보장,https://www.coupang.com/vp/products/6431601098?itemId=17866145944&vendorItemId=76144598855&sourceType=CATEGORY&categoryId=176422
마녀공장 비피다 바이옴 앰플 토너, 500ml, 1개,15,220,내일(월) 5/29 도착 보장,https://www.coupang.com/vp/products/5492670440?itemId=6370215939&vendorItemId=73665405679&sourceType=CATEGORY&categoryId=176422
에스트라 아토베리어365 크림 플러스, 90ml, 1개,26,860,내일(월) 5/29 도착 보장,https://www.coupang.com/vp/products/6249008831?itemId=12656558190&vendorItemId=79923886105&sourceType=CATEGORY&categoryId=176422
AHC 슈프림 리얼 포 페이스 아이크림, 30ml, 2개,13,290,내일(월) 5/29 도착 보장,https://www.coupang.com/vp/products/6408123314?itemId=4058838457&vendorItemId=72042945220&sourceType=CATEGORY&categoryId=176422
닥터지 그린 마일드 업 선 플러스 SPF50+ PA++++, 35ml, 1개,14,510,내일(월) 5/29 도착 보장,https://www.coupang.com/vp/products/1473062788?itemId=2531956594&vendorItemId=81076188937&sourceType=CATEGORY&categoryId=176422
에스쁘아 프로 테일러 비 벨벳 커버 쿠션 13g + 퍼프, 21호 아이보리, 1세트,20,040,내일(월) 5/29 도착 보장,https://www.coupang.com/vp/products/6516755014?itemId=14419213453&vendorItemId=81663086709&sourceType=CATEGORY&categoryId=176422
메디힐 더블 카밍 워터 마스크 10p +히알루 모이스트 에센스 마스크 10p +펩타 리프팅 앰플 마스크 10p, 10개입, 1세트,17,390,내일(월) 5/29 도착 보장,https://www.coupang.com/vp/products/4783821161?itemId=6121035731&vendorItemId=73417351384&sourceType=CATEGORY&categoryId=176422
에스티로더 더블 웨어 스테이 인 플레이스 메이크업 SPF10 PA++ 30ml, 본 1W1, 1개,68,540,내일(월) 5/29 도착 보장,https://www.coupang.com/vp/products/6415211716?itemId=13775779616&vendorItemId=78015500337&sourceType=CATEGORY&categoryId=176422
바닐라코 커버리셔스 얼티밋 화이트 쿠션 파운데이션 14g, 19 라이트, 1개,18,820,내일(월) 5/29 도착 보장,https://www.coupang.com/vp/products/6850315695?itemId=16317239148&vendorItemId=83509391549&sourceType=CATEGORY&categoryId=176422
마녀공장 퓨어 앤 딥 클렌징폼, 100ml, 3개,15,600,내일(월) 5/29 도착 보장,https://www.coupang.com/vp/products/6271203582?itemId=9081671411&vendorItemId=71207421058&sourceType=CATEGORY&categoryId=176422
라운드랩 독도 토너 200ml + 로션 200ml 세트, 1세트,20,990,내일(월) 5/29 도착 보장,https://www.coupang.com/vp/products/6373126410?itemId=13507841231&vendorItemId=80761919972&sourceType=CATEGORY&categoryId=176422
닥터방기원 시카마이드 데일리 에센스 선크림 SPF50+ PA++++, 50g, 2개,13,510,내일(월) 5/29 도착 보장,https://www.coupang.com/vp/products/6570235846?itemId=14745864103&vendorItemId=81986282762&sourceType=CATEGORY&categoryId=176422
달바 워터풀 프레쉬 선쿠션 25g SPA50+ PA++++ + 리필 25g + 세럼 클렌저 15ml 세트, 1세트,47,590,내일(월) 5/29 도착 보장,https://www.coupang.com/vp/products/6908001973?itemId=16638687139&vendorItemId=83822922967&sourceType=CATEGORY&categoryId=176422
닥터지 브라이트닝 업 선 플러스 SPF50+ PA+++, 1개, 35ml,14,510,내일(월) 5/29 도착 보장,https://www.coupang.com/vp/products/7183753856?itemId=18122780455&vendorItemId=70524717416&sourceType=CATEGORY&categoryId=176422
헤라 블랙 쿠션 리필 15g x 2p, 23N1, 2개,45,540,내일(월) 5/29 도착 보장,https://www.coupang.com/vp/products/5608480611?itemId=15122138157&vendorItemId=82343866927&sourceType=CATEGORY&categoryId=176422
부케가르니 나드 약산성 버블 클렌징폼, 500ml, 2개,15,210,내일(월) 5/29 도착 보장,https://www.coupang.com/vp/products/6756343706?itemId=15819544313&vendorItemId=80178897984&sourceType=CATEGORY&categoryId=176422
A.H.C 프리미엄바이탈골든콜라겐크림, 50g, 1개,8,690,내일(월) 5/29 도착 보장,https://www.coupang.com/vp/products/6145211823?itemId=11820305860&vendorItemId=79093788835&sourceType=CATEGORY&categoryId=176422
듀이트리 어반쉐이드 안티폴루션 선크림 SPF50+ PA++++ 50ml + 10ml + 하이아미노 밀크 10ml 세트, 1세트,15,400,내일(월) 5/29 도착 보장,https://www.coupang.com/vp/products/6685062816?itemId=15429703724&vendorItemId=82649390346&sourceType=CATEGORY&categoryId=176422
라운드랩 소나무 진정 시카 패드 195ml, 1개, 50개입,16,930,내일(월) 5/29 도착 보장,https://www.coupang.com/vp/products/6498079435?itemId=14294174733&vendorItemId=81539072415&sourceType=CATEGORY&categoryId=176422
제이엠솔루션 마스크팩 꿀광 10p + 링거 물광 10p + 청광 10p 세트, 1세트,17,910,내일(월) 5/29 도착 보장,https://www.coupang.com/vp/products/6598062711?itemId=14915072985&vendorItemId=82153396725&sourceType=CATEGORY&categoryId=176422
참존 탑클래스 리프팅 듀오 스킨 + 에멀전 세트, 1세트,18,920,내일(월) 5/29 도착 보장,https://www.coupang.com/vp/products/7060574458?itemId=17505190072&vendorItemId=83175245922&sourceType=CATEGORY&categoryId=176422
마르시끄 인리치드 속눈썹 블랙 영양제, 1개, 7.5ml,19,800,내일(월) 5/29 도착 보장,https://www.coupang.com/vp/products/6842170884?itemId=16273554458&vendorItemId=83466243520&sourceType=CATEGORY&categoryId=176422
마녀공장 퓨어 클렌징 밀크, 200ml, 1개,12,000,내일(월) 5/29 도착 보장,https://www.coupang.com/vp/products/6370672461?itemId=13492346093&vendorItemId=80646549589&sourceType=CATEGORY&categoryId=176422
닥터에이지 시카 리페어크림, 50ml, 2개,17,900,내일(월) 5/29 도착 보장,https://www.coupang.com/vp/products/6174360973?itemId=2647629542&vendorItemId=70638435618&sourceType=CATEGORY&categoryId=176422
마녀공장 갈락 나이아신 에센스 마스크, 10개입, 1개,11,640,내일(월) 5/29 도착 보장,https://www.coupang.com/vp/products/2284870900?itemId=3927207154&vendorItemId=71911724599&sourceType=CATEGORY&categoryId=176422
셀퓨전씨 레이저 썬스크린 100 SPF50+ PA+++ 45ml x 2p + 10ml, 1세트,30,930,내일(월) 5/29 도착 보장,https://www.coupang.com/vp/products/6417990108?itemId=13792854160&vendorItemId=81043224952&sourceType=CATEGORY&categoryId=176422
믹순 콩 에센스, 30ml, 1개,36,500,금요일 6/2 도착 예정,https://www.coupang.com/vp/products/7000132529?itemId=17164027206&vendorItemId=85904414043&sourceType=CATEGORY&categoryId=176422
로레알파리 베이스 매직 프라이머 15ml, 1개,18,900,내일(월) 5/29 도착 보장,https://www.coupang.com/vp/products/238057?itemId=535947&vendorItemId=3000422977&sourceType=CATEGORY&categoryId=176422
헤라 실키 스테이 24H 롱웨어 파운데이션 SPF20/PA++ 15g, 21N1 바닐라, 1개,30,780,내일(월) 5/29 도착 보장,https://www.coupang.com/vp/products/7156628978?itemId=18002986458&vendorItemId=82431543081&sourceType=CATEGORY&categoryId=176422
닥터지 레드 블레미쉬 시카 수딩 토너 200ml + 에센스 플루이드 150ml 세트, 1세트,33,480,내일(월) 5/29 도착 보장,https://www.coupang.com/vp/products/6543627791?itemId=14579392052&vendorItemId=81821492138&sourceType=CATEGORY&categoryId=176422
헤라 블랙 쿠션 15g, 17N1, 1개,32,550,내일(월) 5/29 도착 보장,https://www.coupang.com/vp/products/7156627675?itemId=18002949009&vendorItemId=76342669456&sourceType=CATEGORY&categoryId=176422
메디필 에스테 더마 유산균 콜라겐 클리어 클렌징폼, 300ml, 2개,18,000,내일(월) 5/29 도착 보장,https://www.coupang.com/vp/products/1973425546?itemId=3356582422&vendorItemId=85388317162&sourceType=CATEGORY&categoryId=176422
AHC 아우라 시크릿 톤 업 크림 SPF30 PA++ 50g, 2개,23,340,내일(월) 5/29 도착 보장,https://www.coupang.com/vp/products/156780896?itemId=2074595905&vendorItemId=70073723558&sourceType=CATEGORY&categoryId=176422
네이밍 레이어드 핏 쿠션 파운데이션 12g SPF50+ PA+++, 21Y, 1개,15,160,내일(월) 5/29 도착 보장,https://www.coupang.com/vp/products/7047877797?itemId=17445588340&vendorItemId=84614174053&sourceType=CATEGORY&categoryId=176422
프리메라 오가니언스 기초 화장품 2종, 1세트,33,260,내일(월) 5/29 도착 보장,https://www.coupang.com/vp/products/1546913076?itemId=2648306453&vendorItemId=70639229278&sourceType=CATEGORY&categoryId=176422
센카 올 클리어 더블 워시 폼, 150ml, 2개,19,120,내일(월) 5/29 도착 보장,https://www.coupang.com/vp/products/6500909156?itemId=14311775120&vendorItemId=81556462652&sourceType=CATEGORY&categoryId=176422
마몽드 로즈워터 토너, 1개, 500ml,16,460,내일(월) 5/29 도착 보장,https://www.coupang.com/vp/products/6424746572?itemId=13839086102&vendorItemId=78716677180&sourceType=CATEGORY&categoryId=176422
미구하라 울트라 화이트닝 퍼펙트 앰플, 50ml, 1개,24,630,내일(월) 5/29 도착 보장,https://www.coupang.com/vp/products/1659138854?itemId=2826631423&vendorItemId=70816081369&sourceType=CATEGORY&categoryId=176422
셀퓨전씨 토닝 썬스크린 100 SPF50+ PA++++ 45ml + 45ml + 10ml 세트, 1세트,31,760,내일(월) 5/29 도착 보장,https://www.coupang.com/vp/products/6422647687?itemId=13825336102&vendorItemId=81075547287&sourceType=CATEGORY&categoryId=176422
닥터지 브라이트닝 필링젤 120g + 60g x 2p, 1세트,23,340,내일(월) 5/29 도착 보장,https://www.coupang.com/vp/products/4881873573?itemId=6357408891&vendorItemId=73652687657&sourceType=CATEGORY&categoryId=176422
마녀공장 퓨어 클렌징 티슈 80매 x 2p + 10매 세트, 1세트,16,900,내일(월) 5/29 도착 보장,https://www.coupang.com/vp/products/7136731075?itemId=17909045256&vendorItemId=78012178681&sourceType=CATEGORY&categoryId=176422
메디큐브 제로 모공 패드 2.0 70매+속커버+집게2p, 70매, 1세트,29,800,내일(월) 5/29 도착 보장,https://www.coupang.com/vp/products/6892612199?itemId=16551726637&vendorItemId=83738133614&sourceType=CATEGORY&categoryId=176422
헤라 UV프로텍터 톤업 선크림 SPF50+ PA++++, 50ml, 1개,35,190,내일(월) 5/29 도착 보장,https://www.coupang.com/vp/products/6517167189?itemId=14421638159&vendorItemId=85021287606&sourceType=CATEGORY&categoryId=176422
아이오페 NEW 맨 바이오 2종, 1세트,47,120,내일(월) 5/29 도착 보장,https://www.coupang.com/vp/products/7335903584?itemId=18843788727&vendorItemId=76499221551&sourceType=CATEGORY&categoryId=176422
동국제약 센텔리안24 마데카 더마 쉴드 쿨링 선스틱 SPF50+ PA++++ 22g + 마데카토닝에센스트리트먼트 30ml, 1개,14,130,내일(월) 5/29 도착 보장,https://www.coupang.com/vp/products/6431687512?itemId=13883303055&vendorItemId=81133080050&sourceType=CATEGORY&categoryId=176422
김정문알로에 큐어 쿨링 선스틱 SPF50+ PA++++ 23g + 2종 체험키트, 1세트,18,500,내일(월) 5/29 도착 보장,https://www.coupang.com/vp/products/4547762980?itemId=5514966746&vendorItemId=72814524753&sourceType=CATEGORY&categoryId=176422
에이지투웨니스 시그니처 에센스 커버 팩트 인텐스 케이스 1개 + 리필 2개, 13호, 1세트,20,640,내일(월) 5/29 도착 보장,https://www.coupang.com/vp/products/7225519849?itemId=18321095206&vendorItemId=5150392656&sourceType=CATEGORY&categoryId=176422
달바 워터풀 에센스 선크림 SPF50+ PA++++, 35ml, 1개,17,340,내일(월) 5/29 도착 보장,https://www.coupang.com/vp/products/5196144342?itemId=6887655945&vendorItemId=74180199264&sourceType=CATEGORY&categoryId=176422
바버501 애프터 쉐이브 케어 그린, 165ml, 1개,17,400,내일(월) 5/29 도착 보장,https://www.coupang.com/vp/products/6898500266?itemId=16583790374&vendorItemId=74516982929&sourceType=CATEGORY&categoryId=176422
코리아나 앰플엔 펩타이드샷 앰플 대용량, 100ml, 1개,15,690,내일(월) 5/29 도착 보장,https://www.coupang.com/vp/products/298147153?itemId=938914097&vendorItemId=3139334636&sourceType=CATEGORY&categoryId=176422
은율 내츄럴 마스크팩 알로에 10p + 콜라겐 10p + 진주 10p + 히알루론 10p + 아보카도 10p, 50매, 1세트,16,110,내일(월) 5/29 도착 보장,https://www.coupang.com/vp/products/205517129?itemId=605380437&vendorItemId=4586956736&sourceType=CATEGORY&categoryId=176422
닥터지 레드 블레미쉬 수딩 업 선스틱 듀오 2p SPF50 PA++++, 42g, 1개,24,360,내일(월) 5/29 도착 보장,https://www.coupang.com/vp/products/7246719596?itemId=18424406365&vendorItemId=85566203806&sourceType=CATEGORY&categoryId=176422
파티온 노스카나인 트러블 크림, 45ml, 1개,20,020,내일(월) 5/29 도착 보장,https://www.coupang.com/vp/products/6945039789?itemId=16854091116&vendorItemId=84033011313&sourceType=CATEGORY&categoryId=176422
이니스프리 더 그린티 씨드 크림, 1개, 50ml,22,400,내일(월) 5/29 도착 보장,https://www.coupang.com/vp/products/6386029019?itemId=13590088244&vendorItemId=80843271877&sourceType=CATEGORY&categoryId=176422
플리프 시카 알로에 카밍 올인원, 200ml, 1개,15,490,내일(월) 5/29 도착 보장,https://www.coupang.com/vp/products/4562763425?itemId=5560716424&vendorItemId=72860105003&sourceType=CATEGORY&categoryId=176422
AHC 더블쉴드 선스틱 SPF50+ PA++++ 14g x 3p + 선크림 50ml 세트, 1세트,27,800,내일(월) 5/29 도착 보장,https://www.coupang.com/vp/products/1550885333?itemId=2653722704&vendorItemId=70644483758&sourceType=CATEGORY&categoryId=176422
메리쏘드 릴타투 아이브로우 펜 0.9g, 01 다크브라운, 1개,13,280,내일(월) 5/29 도착 보장,https://www.coupang.com/vp/products/6506195225?itemId=7466161663&vendorItemId=78042513802&sourceType=CATEGORY&categoryId=176422
달바 화이트 트러플 퍼스트 스프레이 세럼 100ml + 화이트 트러플 바이탈 스프레이 세럼 100ml + 기프트백 세트, 1세트,34,150,내일(월) 5/29 도착 보장,https://www.coupang.com/vp/products/6925525750?itemId=16739442406&vendorItemId=83921431778&sourceType=CATEGORY&categoryId=176422
김청 프롬더스킨 글루타치온 콜라겐팩 무료체험증정 고함량 아이큐샵, 4개,69,000,목요일 6/1 도착 예정,https://www.coupang.com/vp/products/7323086435?itemId=18786100493&vendorItemId=85917352620&sourceType=CATEGORY&categoryId=176422
아크로패스 대용량 패치 24p + 스킨 클렌저 12p 세트, 1세트,19,990,내일(월) 5/29 도착 보장,https://www.coupang.com/vp/products/6059219645?itemId=11133909490&vendorItemId=78412446213&sourceType=CATEGORY&categoryId=176422
조성아TM 메가 핏 스틱 파운데이션 마스터 SPF50+ PA++++ 16g, 글로우 01호 라이트 베이지, 1개,21,090,내일(월) 5/29 도착 보장,https://www.coupang.com/vp/products/6842420473?itemId=16274770799&vendorItemId=83467452219&sourceType=CATEGORY&categoryId=176422
에네스티 유브이 컷 퍼펙트 선스틱 SPF50+ PA+++, 23g, 2개,16,570,내일(월) 5/29 도착 보장,https://www.coupang.com/vp/products/69289526?itemId=231978036&vendorItemId=3566184968&sourceType=CATEGORY&categoryId=176422
바닐라코 클린 잇 제로 클렌징밤 오리지널, 180ml, 2개,28,280,내일(월) 5/29 도착 보장,https://www.coupang.com/vp/products/17982657?itemId=486508930&vendorItemId=71455246652&sourceType=CATEGORY&categoryId=176422
은율 내츄럴 알로에 마스크팩, 1개입, 50개,15,210,내일(월) 5/29 도착 보장,https://www.coupang.com/vp/products/2527906?itemId=531575456&vendorItemId=3075080345&sourceType=CATEGORY&categoryId=176422
에뛰드하우스 순정 약산성 6.5 휩 클렌저, 1개, 250ml,13,670,내일(월) 5/29 도착 보장,https://www.coupang.com/vp/products/5231966510?itemId=11347212990&vendorItemId=74659595942&sourceType=CATEGORY&categoryId=176422
닥터에이지 시카 진정 필링패드, 120ml, 2개,18,900,내일(월) 5/29 도착 보장,https://www.coupang.com/vp/products/1546433038?itemId=2647629477&vendorItemId=70638435505&sourceType=CATEGORY&categoryId=176422
닥터지 레드 블레미쉬 시카 수딩 크림, 50ml, 2개,27,780,내일(월) 5/29 도착 보장,https://www.coupang.com/vp/products/6431601098?itemId=17866145944&vendorItemId=76144598855&sourceType=CATEGORY&categoryId=176422
[퓨어오일퍼퓸] 밤쉘 (Bombshell),49,000,내일(월) 5/29 도착 보장,https://www.coupang.com/vp/products/6994303942?itemId=17128586519&vendorItemId=84228061023&sourceType=CATEGORY&categoryId=176422
이니스프리 New 노세범 블러 모공 커버 프라이머 25ml, 1개,10,800,내일(월) 5/29 도착 보장,https://www.coupang.com/vp/products/6750518179?itemId=18049693523&vendorItemId=85199198777&sourceType=CATEGORY&categoryId=176422
마녀공장 비피다 바이옴 앰플 토너, 500ml, 1개,15,220,내일(월) 5/29 도착 보장,https://www.coupang.com/vp/products/5492670440?itemId=6370215939&vendorItemId=73665405679&sourceType=CATEGORY&categoryId=176422
AHC 바이탈 골든 콜라겐 유스 토탈 케어 세트 + 쇼핑백, 1세트,39,140,내일(월) 5/29 도착 보장,https://www.coupang.com/vp/products/6641056251?itemId=15181053236&vendorItemId=82402320512&sourceType=CATEGORY&categoryId=176422
다슈 아쿠아 딥 씨 워터 폼클렌징, 150ml, 3개,16,400,내일(월) 5/29 도착 보장,https://www.coupang.com/vp/products/72888368?itemId=642475490&vendorItemId=4674730240&sourceType=CATEGORY&categoryId=176422
에스트라 아토베리어365 크림 플러스, 90ml, 1개,26,860,내일(월) 5/29 도착 보장,https://www.coupang.com/vp/products/6249008831?itemId=12656558190&vendorItemId=79923886105&sourceType=CATEGORY&categoryId=176422
AHC 슈프림 리얼 포 페이스 아이크림, 30ml, 2개,13,290,내일(월) 5/29 도착 보장,https://www.coupang.com/vp/products/6408123314?itemId=4058838457&vendorItemId=72042945220&sourceType=CATEGORY&categoryId=176422
궁중비책 프레시 선스틱 SPF50 + 마일드 선 클렌징티슈 10매 세트, 1세트,17,330,내일(월) 5/29 도착 보장,https://www.coupang.com/vp/products/6202087918?itemId=12312195776&vendorItemId=79582352672&sourceType=CATEGORY&categoryId=176422
듀이셀 큐라톤즈 모이스쳐 40ml, 혼합색상, 2개,31,900,내일(월) 5/29 도착 보장,https://www.coupang.com/vp/products/6124239221?itemId=11631023749&vendorItemId=78905621173&sourceType=CATEGORY&categoryId=176422
